Année,Pessimiste,Neutre,Optimiste
2025,13373272916.388138,13442788193.980228,13512303471.57232
2026,13478365249.544086,13618852545.64882,13760068212.213835
2027,13584283438.760643,13797222866.546503,14012376024.792292
2028,13691033973.933048,13977929358.664963,14269310212.131859
2029,13798623395.956642,14161002619.560705,14530955604.516668
